<?xml version="1.0" encoding="utf-8"?>
<geogebra format="5.0" version="5.0.574.0" app="geometry" platform="offline"  xsi:noNamespaceSchemaLocation="http://www.geogebra.org/apps/xsd/ggt.xsd" xmlns="" xmlns:xsi="http://www.w3.org/2001/XMLSchema-instance" >
<defaults>
<element type="point" label="Point (free)" default="10">
	<show object="true" label="true"/>
	<objColor r="21" g="101" b="192" alpha="0"/>
	<layer val="0"/>
	<autocolor val="false"/>
	<labelMode val="4"/>
	<animation step="0.1" speed="1" type="1" playing="false"/>
	<coords x="NaN" y="NaN" z="NaN"/>
	<pointSize val="5"/>
	<pointStyle val="0"/>
</element>
<element type="point" label="Point (dependent)" default="11">
	<show object="true" label="true"/>
	<objColor r="97" g="97" b="97" alpha="0"/>
	<layer val="0"/>
	<autocolor val="false"/>
	<labelMode val="4"/>
	<animation step="0.1" speed="1" type="1" playing="false"/>
	<coords x="NaN" y="NaN" z="NaN"/>
	<pointSize val="4"/>
	<pointStyle val="0"/>
</element>
<element type="point" label="Point (dependent)" default="16">
	<show object="true" label="true"/>
	<objColor r="97" g="97" b="97" alpha="0"/>
	<layer val="0"/>
	<autocolor val="false"/>
	<labelMode val="4"/>
	<animation step="0.1" speed="1" type="1" playing="false"/>
	<coords x="NaN" y="NaN" z="NaN"/>
	<pointSize val="4"/>
	<pointStyle val="10"/>
</element>
<element type="point" label="PointOn" default="12">
	<show object="true" label="true"/>
	<objColor r="21" g="101" b="192" alpha="0"/>
	<layer val="0"/>
	<autocolor val="false"/>
	<labelMode val="4"/>
	<animation step="0.1" speed="1" type="1" playing="false"/>
	<coords x="NaN" y="NaN" z="NaN"/>
	<pointSize val="5"/>
	<pointStyle val="0"/>
</element>
<element type="point" label="PointInRegion" default="13">
	<show object="true" label="true"/>
	<objColor r="21" g="101" b="192" alpha="0"/>
	<layer val="0"/>
	<autocolor val="false"/>
	<labelMode val="4"/>
	<animation step="1" speed="1" type="1" playing="false"/>
	<coords x="NaN" y="NaN" z="NaN"/>
	<pointSize val="5"/>
	<pointStyle val="0"/>
</element>
<element type="point" label="PointOn" default="14">
	<show object="true" label="true"/>
	<objColor r="21" g="101" b="192" alpha="0"/>
	<layer val="0"/>
	<autocolor val="false"/>
	<labelMode val="4"/>
	<animation step="1" speed="1" type="1" playing="false"/>
	<coords x="NaN" y="NaN" z="NaN"/>
	<coordStyle style="complex"/>
	<pointSize val="5"/>
	<pointStyle val="0"/>
</element>
<element type="line" label="Line" default="20">
	<show object="true" label="true"/>
	<objColor r="97" g="97" b="97" alpha="0"/>
	<layer val="0"/>
	<autocolor val="false"/>
	<labelMode val="4"/>
	<animation step="0.1" speed="1" type="0" playing="false"/>
	<coords x="NaN" y="NaN" z="NaN"/>
	<lineStyle thickness="5" type="0" typeHidden="1" opacity="204"/>
	<eqnStyle style="implicit"/>
</element>
<element type="function" label="Curve" default="3400">
	<show object="true" label="true"/>
	<objColor r="97" g="97" b="97" alpha="0"/>
	<layer val="0"/>
	<autocolor val="true"/>
	<labelMode val="4"/>
	<animation step="1" speed="1" type="0" playing="false"/>
	<lineStyle thickness="5" type="0" typeHidden="1" opacity="178"/>
</element>
<element type="segment" label="Segment" default="21">
	<show object="true" label="true"/>
	<objColor r="97" g="97" b="97" alpha="0"/>
	<layer val="0"/>
	<autocolor val="false"/>
	<labelMode val="4"/>
	<animation step="0.1" speed="1" type="0" playing="false"/>
	<coords x="NaN" y="NaN" z="NaN"/>
	<lineStyle thickness="5" type="0" typeHidden="1" opacity="204"/>
	<eqnStyle style="explicit"/>
	<outlyingIntersections val="false"/>
	<keepTypeOnTransform val="true"/>
</element>
<element type="ray" label="Segment" default="25">
	<show object="true" label="true"/>
	<objColor r="97" g="97" b="97" alpha="0"/>
	<layer val="0"/>
	<autocolor val="false"/>
	<labelMode val="4"/>
	<animation step="1" speed="1" type="0" playing="false"/>
	<coords x="NaN" y="NaN" z="NaN"/>
	<lineStyle thickness="5" type="0" typeHidden="1" opacity="204"/>
	<eqnStyle style="explicit"/>
	<outlyingIntersections val="false"/>
	<keepTypeOnTransform val="true"/>
</element>
<element type="functionNVar" label="undefined" default="23">
	<show object="true" label="true"/>
	<objColor r="0" g="0" b="255" alpha="0.25"/>
	<layer val="0"/>
	<autocolor val="false"/>
	<labelMode val="4"/>
	<animation step="1" speed="1" type="0" playing="false"/>
</element>
<element type="function" label="undefined" default="24">
	<show object="true" label="true"/>
	<objColor r="0" g="0" b="0" alpha="0"/>
	<layer val="0"/>
	<autocolor val="false"/>
	<labelMode val="4"/>
	<animation step="1" speed="1" type="0" playing="false"/>
	<lineStyle thickness="5" type="0" typeHidden="1"/>
</element>
<element type="functionNVar" label="undefined" default="65">
	<show object="true" label="true"/>
	<objColor r="204" g="0" b="0" alpha="0.75"/>
	<layer val="0"/>
	<autocolor val="false"/>
	<labelMode val="4"/>
	<animation step="1" speed="1" type="0" playing="false"/>
</element>
<element type="vector" label="Vector" default="30">
	<show object="true" label="true"/>
	<objColor r="97" g="97" b="97" alpha="0"/>
	<layer val="0"/>
	<autocolor val="false"/>
	<labelMode val="4"/>
	<animation step="1" speed="1" type="0" playing="false"/>
	<coords x="NaN" y="NaN" z="NaN"/>
	<lineStyle thickness="5" type="0" typeHidden="1" opacity="204"/>
	<coordStyle style="cartesian"/>
</element>
<element type="polygon" label="Polygon" default="70">
	<lineStyle thickness="5" type="0" typeHidden="1" opacity="204"/>
	<show object="true" label="true"/>
	<objColor r="21" g="101" b="192" alpha="0.10000000149011612"/>
	<layer val="0"/>
	<autocolor val="false"/>
	<labelMode val="4"/>
	<animation step="0.1" speed="1" type="0" playing="false"/>
</element>
<element type="polyline" label="Polyline" default="71">
	<lineStyle thickness="5" type="0" typeHidden="1" opacity="204"/>
	<show object="true" label="true"/>
	<objColor r="97" g="97" b="97" alpha="0"/>
	<layer val="0"/>
	<autocolor val="false"/>
	<labelMode val="4"/>
	<animation step="0.1" speed="1" type="0" playing="false"/>
</element>
<element type="conic" label="Conic" default="40">
	<show object="true" label="true"/>
	<objColor r="97" g="97" b="97" alpha="0"/>
	<layer val="0"/>
	<autocolor val="false"/>
	<labelMode val="4"/>
	<animation step="1" speed="1" type="0" playing="false"/>
	<lineStyle thickness="5" type="0" typeHidden="1" opacity="204"/>
	<eigenvectors  x0="1" y0="0" z0="1.0" x1="0" y1="1" z1="1.0"/>
	<matrix A0="0" A1="0" A2="0" A3="0" A4="0" A5="0"/>
	<eqnStyle style="implicit"/>
</element>
<element type="conicpart" label="Sector" default="41">
	<show object="true" label="true"/>
	<objColor r="21" g="101" b="192" alpha="0.10000000149011612"/>
	<layer val="0"/>
	<autocolor val="false"/>
	<labelMode val="4"/>
	<animation step="1" speed="1" type="0" playing="false"/>
	<lineStyle thickness="5" type="0" typeHidden="1" opacity="204"/>
	<eigenvectors  x0="1" y0="0" z0="1.0" x1="0" y1="1" z1="1.0"/>
	<matrix A0="0" A1="0" A2="0" A3="0" A4="0" A5="0"/>
	<eqnStyle style="implicit"/>
	<outlyingIntersections val="false"/>
	<keepTypeOnTransform val="true"/>
</element>
<element type="numeric" label="Numeric" default="50">
	<value val="0"/>
	<objColor r="0" g="0" b="0" alpha="0.10000000149011612"/>
	<autocolor val="false"/>
	<slider min="-5" max="5" absoluteScreenLocation="true" width="200" fixed="false" horizontal="true" showAlgebra="true"/>
	<lineStyle thickness="2" type="0" typeHidden="1"/>
	<animation speed="1" type="0" playing="false"/>
</element>
<element type="angle" label="Angle" default="52">
	<angleStyle val="1"/>
	<value val="0"/>
	<slider min="0" max="6.283185307179586" absoluteScreenLocation="true" width="180" fixed="true" horizontal="true" showAlgebra="true"/>
	<show object="false" label="true"/>
	<objColor r="0" g="0" b="0" alpha="0.10000000149011612"/>
	<layer val="0"/>
	<autocolor val="false"/>
	<labelMode val="4"/>
	<lineStyle thickness="4" type="0" typeHidden="2" opacity="153"/>
	<arcSize val="30"/>
	<animation speed="1" type="0" playing="false"/>
</element>
<element type="function" label="Function" default="60">
	<show object="true" label="true"/>
	<objColor r="0" g="0" b="0" alpha="0"/>
	<layer val="0"/>
	<autocolor val="true"/>
	<labelMode val="4"/>
	<fixed val="true"/>
	<lineStyle thickness="5" type="0" typeHidden="1" opacity="178"/>
</element>
<element type="locus" label="Locus" default="80">
	<show object="true" label="true"/>
	<objColor r="0" g="0" b="0" alpha="0"/>
	<layer val="0"/>
	<autocolor val="false"/>
	<labelMode val="4"/>
	<animation step="1" speed="1" type="0" playing="false"/>
	<auxiliary val="false"/>
	<lineStyle thickness="5" type="0" typeHidden="1" opacity="178"/>
</element>
<element type="text" label="Text" default="100">
	<show object="true" label="true"/>
	<objColor r="0" g="0" b="0" alpha="0"/>
	<layer val="0"/>
	<autocolor val="false"/>
	<labelMode val="4"/>
</element>
<element type="image" label="Image" default="110">
	<file name=""/>
	<inBackground val="false"/>
	<show object="true" label="true"/>
	<objColor r="0" g="0" b="0" alpha="1"/>
	<layer val="0"/>
	<autocolor val="false"/>
	<labelMode val="4"/>
	<animation step="1" speed="1" type="0" playing="false"/>
</element>
<element type="boolean" label="Boolean" default="120">
	<value val="false"/>
	<show object="false" label="true"/>
	<objColor r="0" g="0" b="0" alpha="0"/>
	<layer val="0"/>
	<autocolor val="false"/>
	<labelMode val="4"/>
	<checkbox fixed="true"/>
</element>
<element type="list" label="List" default="130">
	<show object="false" label="true"/>
	<objColor r="0" g="100" b="0" alpha="-1"/>
	<layer val="0"/>
	<autocolor val="false"/>
	<labelMode val="4"/>
	<animation step="1" speed="1" type="0" playing="false"/>
	<lineStyle thickness="5" type="0" typeHidden="1"/>
	<pointSize val="5"/>
	<angleStyle val="0"/>
</element>
</defaults>
</geogebra>