<?xml version="1.0" encoding="utf-8"?>
<geogebra format="5.0" version="5.0.574.0" app="geometry" platform="offline" id="091F53E5-0948-48F7-953A-CAC2CFAECCB3"
	xsi:noNamespaceSchemaLocation="http://www.geogebra.org/apps/xsd/ggb.xsd" xmlns=""
	xmlns:xsi="http://www.w3.org/2001/XMLSchema-instance">
	<gui>
		<window width="1522" height="774" />
		<perspectives>
			<perspective id="tmp">
				<panes>
					<pane location="" divider="0.24967148488830487" orientation="1" />
				</panes>
				<views>
					<view id="4097" visible="false" inframe="false" stylebar="true" location="1,1,1,1" size="400"
						window="100,100,700,550" />
					<view id="512"
						toolbar="0 | 1 501 5 19 , 67 | 2 15 45 18 , 7 37 | 514 3 9 , 13 44 , 47 | 16 51 | 551 550 11 ,  20 22 21 23 , 55 56 57 , 12 | 69 | 510 511 , 512 513 | 533 531 , 534 532 , 522 523 , 537 536 , 535 | 521 520 | 36 , 38 49 560 | 571 30 29 570 31 33 | 17 | 540 40 41 42 , 27 28 35 , 6 , 502"
						visible="false" inframe="false" stylebar="false" location="1,1,1" size="500"
						window="100,100,600,400" />
					<view id="4"
						toolbar="0 || 2020 , 2021 , 2022 || 2001 , 2003 , 2002 , 2004 , 2005 || 2040 , 2041 , 2042 , 2044 , 2043"
						visible="false" inframe="false" stylebar="false" location="1,1" size="300"
						window="100,100,600,400" />
					<view id="8" toolbar="1001 | 1002 | 1003  || 1005 | 1004 || 1006 | 1007 | 1010 || 1008 | 1009 || 6"
						visible="false" inframe="false" stylebar="false" location="1,3" size="300"
						window="100,100,600,400" />
					<view id="1" visible="true" inframe="false" stylebar="false" location="1" size="1142"
						window="100,100,600,400" />
					<view id="2" visible="true" inframe="false" stylebar="false" location="3" size="380"
						window="100,100,250,400" />
					<view id="16" visible="false" inframe="false" stylebar="false" location="1" size="300"
						window="50,50,500,500" />
					<view id="32" visible="false" inframe="false" stylebar="true" location="1" size="300"
						window="50,50,500,500" />
					<view id="64" toolbar="0" visible="false" inframe="false" stylebar="false" location="1" size="480"
						window="50,50,500,500" />
					<view id="128" visible="false" inframe="false" stylebar="false" location="1" size="480"
						window="50,50,500,500" />
					<view id="70" toolbar="0 || 2020 || 2021 || 2022" visible="false" inframe="false" stylebar="true"
						location="1" size="900" window="50,50,500,500" />
					<view id="43" visible="false" inframe="false" stylebar="false" location="1" size="450"
						window="50,50,500,500" />
				</views>
				<toolbar show="true"
					items="0 77 73 62 | 1 501 67 , 5 19 , 72 75 76 | 2 15 45 , 18 65 , 7 37 | 4 3 8 9 , 13 44 , 58 , 47 | 16 51 64 , 70 | 10 34 53 11 , 24  20 22 , 21 23 | 55 56 57 , 12 | 36 46 , 38 49  50 , 71  14  68 | 30 29 54 32 31 33 | 25 17 26 60 52 61 | 40 41 42 , 27 28 35 , 6"
					position="1" help="false" />
				<input show="true" cmd="true" top="algebra" />
				<dockBar show="false" east="false" />
			</perspective>
		</perspectives>
		<labelingStyle val="3" />
		<font size="16" />
	</gui>
	<euclidianView>
		<viewNumber viewNo="1" />
		<size width="1141" height="773" />
		<coordSystem xZero="570.5" yZero="386.5" scale="50" yscale="50.00000000000004" />
		<evSettings axes="true" grid="true" gridIsBold="false" pointCapturing="3" rightAngleStyle="1" checkboxSize="26"
			gridType="3" />
		<bgColor r="255" g="255" b="255" />
		<axesColor r="0" g="0" b="0" />
		<gridColor r="192" g="192" b="192" />
		<lineStyle axes="1" grid="0" />
		<axis id="0" show="true" label="" unitLabel="" tickStyle="1" showNumbers="true" />
		<axis id="1" show="true" label="" unitLabel="" tickStyle="1" showNumbers="true" />
	</euclidianView>
	<algebraView>
		<mode val="3" />
	</algebraView>
	<kernel>
		<continuous val="false" />
		<usePathAndRegionParameters val="true" />
		<decimals val="1" />
		<angleUnit val="degree" />
		<algebraStyle val="1" spreadsheet="1" />
		<coordStyle val="0" />
	</kernel>
	<tableview min="-2" max="2" step="1" />
	<scripting blocked="false" disabled="false" />
	<construction title="" author="" date="">
		<command name="Point">
			<input a0="yAxis" />
			<output a0="A" />
		</command>
		<element type="point" label="A">
			<show object="true" label="true" />
			<objColor r="21" g="101" b="192" alpha="0" />
			<layer val="0" />
			<labelMode val="0" />
			<animation step="0.1" speed="1" type="1" playing="false" />
			<coords x="0" y="3" z="1" />
			<pointSize val="5" />
			<pointStyle val="0" />
		</element>
		<element type="point" label="B">
			<show object="true" label="true" />
			<objColor r="255" g="0" b="51" alpha="0" />
			<layer val="0" />
			<labelMode val="0" />
			<animation step="0.1" speed="1" type="1" playing="false" />
			<coords x="2" y="0" z="1" />
			<pointSize val="5" />
			<pointStyle val="0" />
		</element>
		<command name="Segment">
			<input a0="A" a1="B" />
			<output a0="f" />
		</command>
		<element type="segment" label="f">
			<show object="true" label="false" />
			<objColor r="102" g="0" b="204" alpha="0" />
			<layer val="0" />
			<labelMode val="0" />
			<coords x="3" y="2" z="-6" />
			<lineStyle thickness="5" type="0" typeHidden="1" opacity="204" />
			<eqnStyle style="explicit" />
			<outlyingIntersections val="false" />
			<keepTypeOnTransform val="true" />
		</element>
		<command name="Point">
			<input a0="xAxis" />
			<output a0="C" />
		</command>
		<element type="point" label="C">
			<show object="true" label="true" />
			<objColor r="255" g="204" b="102" alpha="0" />
			<layer val="0" />
			<labelMode val="0" />
			<animation step="0.1" speed="1" type="1" playing="false" />
			<coords x="-3" y="0" z="1" />
			<pointSize val="5" />
			<pointStyle val="0" />
		</element>
		<element type="point" label="D">
			<show object="true" label="true" />
			<objColor r="102" g="204" b="0" alpha="0" />
			<layer val="0" />
			<labelMode val="0" />
			<animation step="0.1" speed="1" type="1" playing="false" />
			<coords x="0" y="1" z="1" />
			<pointSize val="5" />
			<pointStyle val="0" />
		</element>
		<command name="Line">
			<input a0="C" a1="D" />
			<output a0="g" />
		</command>
		<element type="line" label="g">
			<show object="true" label="false" />
			<objColor r="102" g="0" b="204" alpha="0" />
			<layer val="0" />
			<labelMode val="0" />
			<coords x="-1" y="3" z="-3" />
			<lineStyle thickness="5" type="0" typeHidden="1" opacity="204" />
			<eqnStyle style="explicit" />
		</element>
		<element type="point" label="E">
			<show object="true" label="true" />
			<objColor r="0" g="204" b="0" alpha="0" />
			<layer val="0" />
			<labelOffset x="-17" y="-4" />
			<labelMode val="0" />
			<animation step="0.1" speed="1" type="1" playing="false" />
			<coords x="-2" y="-2" z="1" />
			<pointSize val="5" />
			<pointStyle val="0" />
		</element>
		<command name="Polygon">
			<input a0="E" a1="D" a2="B" />
			<output a0="t1" a1="b" a2="e" a3="d" />
		</command>
		<element type="polygon" label="t1">
			<lineStyle thickness="5" type="0" typeHidden="1" opacity="204" />
			<show object="true" label="false" />
			<objColor r="255" g="102" b="0" alpha="0.1" />
			<layer val="0" />
			<labelMode val="0" />
		</element>
		<element type="segment" label="b">
			<show object="true" label="false" />
			<objColor r="255" g="102" b="0" alpha="0" />
			<layer val="0" />
			<labelMode val="0" />
			<auxiliary val="false" />
			<coords x="-3" y="2" z="-2" />
			<lineStyle thickness="5" type="0" typeHidden="1" opacity="204" />
			<eqnStyle style="explicit" />
			<outlyingIntersections val="false" />
			<keepTypeOnTransform val="true" />
		</element>
		<element type="segment" label="e">
			<show object="true" label="false" />
			<objColor r="255" g="102" b="0" alpha="0" />
			<layer val="0" />
			<labelMode val="0" />
			<auxiliary val="false" />
			<coords x="1" y="2" z="-2" />
			<lineStyle thickness="5" type="0" typeHidden="1" opacity="204" />
			<eqnStyle style="explicit" />
			<outlyingIntersections val="false" />
			<keepTypeOnTransform val="true" />
		</element>
		<element type="segment" label="d">
			<show object="true" label="false" />
			<objColor r="255" g="102" b="0" alpha="0" />
			<layer val="0" />
			<labelMode val="0" />
			<auxiliary val="false" />
			<coords x="2" y="-4" z="-4" />
			<lineStyle thickness="5" type="0" typeHidden="1" opacity="204" />
			<eqnStyle style="explicit" />
			<outlyingIntersections val="false" />
			<keepTypeOnTransform val="true" />
		</element>
		<element type="point" label="F">
			<show object="true" label="true" />
			<objColor r="0" g="153" b="204" alpha="0" />
			<layer val="0" />
			<labelMode val="0" />
			<animation step="0.1" speed="1" type="1" playing="false" />
			<coords x="-2" y="2" z="1" />
			<pointSize val="5" />
			<pointStyle val="0" />
		</element>
		<element type="point" label="G">
			<show object="true" label="true" />
			<objColor r="125" g="125" b="255" alpha="0" />
			<layer val="0" />
			<labelMode val="0" />
			<animation step="0.1" speed="1" type="1" playing="false" />
			<coords x="1" y="-2" z="1" />
			<pointSize val="5" />
			<pointStyle val="0" />
		</element>
	</construction>
</geogebra>