<?xml version="1.0" encoding="utf-8"?>
<geogebra format="5.0" version="5.0.670.0" app="geometry" platform="offline" id="fc2b7377-c4ab-49a1-9751-fd877e0a596c"  xsi:noNamespaceSchemaLocation="http://www.geogebra.org/apps/xsd/ggb.xsd" xmlns="" xmlns:xsi="http://www.w3.org/2001/XMLSchema-instance" >
<gui>
	<window width="1440" height="722" />
	<perspectives>
<perspective id="tmp">
	<panes>
		<pane location="" divider="0.34444444444444444" orientation="1" />
	</panes>
	<views>
		<view id="4097" visible="false" inframe="false" stylebar="true" location="1,1,1,1" size="400" window="100,100,700,550" />
		<view id="512" toolbar="0 | 1 501 5 19 , 67 | 2 15 45 18 , 7 37 | 514 3 9 , 13 44 , 47 | 16 51 | 551 550 11 ,  20 22 21 23 , 55 56 57 , 12 | 69 | 510 511 , 512 513 | 533 531 , 534 532 , 522 523 , 537 536 , 535 , 538 | 521 520 | 36 , 38 49 560 | 571 30 29 570 31 33 | 17 | 540 40 41 42 , 27 28 35 , 6 , 502" visible="false" inframe="false" stylebar="false" location="1,1,1" size="500" window="100,100,600,400" />
		<view id="4" toolbar="0 || 2020 , 2021 , 2022 || 2001 , 2003 , 2002 , 2004 , 2005 || 2040 , 2041 , 2042 , 2044 , 2043" visible="false" inframe="false" stylebar="false" location="1,1" size="300" window="100,100,600,400" />
		<view id="8" toolbar="1001 | 1002 | 1003  || 1005 | 1004 || 1006 | 1007 | 1010 || 1008 | 1009 || 6" visible="false" inframe="false" stylebar="false" location="1,3" size="300" window="100,100,600,400" />
		<view id="1" visible="true" inframe="false" stylebar="false" location="1" size="944" window="100,100,600,400" />
		<view id="2" visible="true" inframe="false" stylebar="false" location="3" size="496" tab="TOOLS" window="100,100,250,400" />
		<view id="16" visible="false" inframe="false" stylebar="false" location="1" size="300" window="50,50,500,500" />
		<view id="32" visible="false" inframe="false" stylebar="true" location="1" size="300" window="50,50,500,500" />
		<view id="64" toolbar="0" visible="false" inframe="false" stylebar="false" location="1" size="480" window="50,50,500,500" />
		<view id="128" visible="false" inframe="false" stylebar="false" location="1" size="480" window="50,50,500,500" />
		<view id="70" toolbar="0 || 2020 || 2021 || 2022" visible="false" inframe="false" stylebar="true" location="1" size="900" window="50,50,500,500" />
	</views>
	<toolbar show="true" items="0 39 73 62 | 1 501 67 , 5 19 , 72 75 76 | 2 15 45 , 18 65 , 7 37 | 4 3 8 9 , 13 44 , 58 , 47 | 16 51 64 , 70 | 10 34 53 11 , 24 20 22 , 21 23 | 55 56 57 , 12 | 36 46 , 38 49 50 , 71 14 68 | 30 29 54 32 31 33 | 25 17 26 60 52 61 | 40 41 42 , 27 28 35 , 6 | 100002 100028 100014 100012 100011 100010 100009 100008 100007 100006 100005 100004 100001 100003" position="1" help="false" />
	<input show="true" cmd="true" top="algebra" />
	<dockBar show="false" east="false" />
</perspective>
	</perspectives>
	<labelingStyle  val="3"/>
	<font  size="24"/>
</gui>
<euclidianView>
	<viewNumber viewNo="1"/>
	<size  width="944" height="722"/>
	<coordSystem xZero="472" yZero="361" scale="49.99999999999999" yscale="49.99999999999982"/>
	<evSettings axes="false" grid="false" gridIsBold="false" pointCapturing="3" rightAngleStyle="1" checkboxSize="26" gridType="-1"/>
	<bgColor r="255" g="255" b="255"/>
	<axesColor r="0" g="0" b="0"/>
	<gridColor r="192" g="192" b="192"/>
	<lineStyle axes="1" grid="0"/>
	<axis id="0" show="false" label="" unitLabel="" tickStyle="1" showNumbers="true"/>
	<axis id="1" show="false" label="" unitLabel="" tickStyle="1" showNumbers="true"/>
</euclidianView>
<spreadsheetView>
	<size  width="0" height="0"/>
	<prefCellSize  width="70" height="0"/>
	<selection  hScroll="0" vScroll="0" column="-1" row="-1"/>
</spreadsheetView>
<algebraView>
	<mode val="1"/>
	<collapsed val="2"/>
</algebraView>
<kernel>
	<continuous val="false"/>
	<usePathAndRegionParameters val="true"/>
	<decimals val="2"/>
	<angleUnit val="degree"/>
	<algebraStyle val="0" spreadsheet="0"/>
	<coordStyle val="0"/>
</kernel>
<tableview min="-2" max="2" step="1"/>
<scripting blocked="false" disabled="false"/>
<construction title="" author="" date="">
<element type="point" label="D">
	<show object="true" label="true" ev="4"/>
	<objColor r="0" g="0" b="0" alpha="0"/>
	<layer val="0"/>
	<labelOffset x="-10" y="43"/>
	<labelMode val="0"/>
	<fixed val="true"/>
	<coords x="2" y="0.8" z="1"/>
	<pointSize val="5"/>
	<pointStyle val="10"/>
	<caption val="$D$"/>
</element>
<element type="point" label="A">
	<show object="true" label="true" ev="4"/>
	<objColor r="0" g="0" b="0" alpha="0"/>
	<layer val="0"/>
	<labelOffset x="-31" y="37"/>
	<labelMode val="0"/>
	<fixed val="true"/>
	<coords x="0" y="-1" z="1"/>
	<pointSize val="5"/>
	<pointStyle val="10"/>
	<caption val="$A$"/>
</element>
<element type="point" label="B">
	<show object="true" label="true" ev="4"/>
	<objColor r="0" g="0" b="0" alpha="0"/>
	<layer val="0"/>
	<labelOffset x="-9" y="48"/>
	<labelMode val="0"/>
	<fixed val="true"/>
	<coords x="4" y="-1" z="1"/>
	<pointSize val="5"/>
	<pointStyle val="10"/>
	<caption val="$B$"/>
</element>
<command name="Mirror">
	<input a0="A" a1="Midpoint[D, B]"/>
	<output a0="C"/>
</command>
<element type="point" label="C">
	<show object="true" label="true" ev="4"/>
	<objColor r="0" g="0" b="0" alpha="0"/>
	<layer val="0"/>
	<labelOffset x="-6" y="43"/>
	<labelMode val="0"/>
	<coords x="6" y="0.8" z="1"/>
	<pointSize val="5"/>
	<pointStyle val="10"/>
	<caption val="$C$"/>
</element>
<element type="point" label="S">
	<show object="true" label="true" ev="4"/>
	<objColor r="0" g="0" b="0" alpha="0"/>
	<layer val="0"/>
	<labelOffset x="-18" y="-3"/>
	<labelMode val="0"/>
	<fixed val="true"/>
	<coords x="3" y="4" z="1"/>
	<pointSize val="5"/>
	<pointStyle val="10"/>
	<caption val="$S$"/>
</element>
<command name="Segment">
	<input a0="D" a1="A"/>
	<output a0="f"/>
</command>
<element type="segment" label="f">
	<show object="true" label="false"/>
	<objColor r="0" g="0" b="0" alpha="0"/>
	<layer val="0"/>
	<labelMode val="0"/>
	<coords x="1.8" y="-2" z="-2"/>
	<lineStyle thickness="5" type="15" typeHidden="1" opacity="204"/>
	<eqnStyle style="explicit"/>
	<outlyingIntersections val="false"/>
	<keepTypeOnTransform val="true"/>
</element>
<command name="Segment">
	<input a0="A" a1="B"/>
	<output a0="g"/>
</command>
<element type="segment" label="g">
	<show object="true" label="false" ev="4"/>
	<objColor r="0" g="0" b="0" alpha="0"/>
	<layer val="0"/>
	<labelMode val="0"/>
	<coords x="0" y="4" z="4"/>
	<lineStyle thickness="5" type="0" typeHidden="1"/>
	<eqnStyle style="explicit"/>
	<outlyingIntersections val="false"/>
	<keepTypeOnTransform val="true"/>
</element>
<command name="Segment">
	<input a0="B" a1="C"/>
	<output a0="h"/>
</command>
<element type="segment" label="h">
	<show object="true" label="false"/>
	<objColor r="0" g="0" b="0" alpha="0"/>
	<layer val="0"/>
	<labelMode val="0"/>
	<coords x="-1.8" y="2" z="9.2"/>
	<lineStyle thickness="5" type="0" typeHidden="1"/>
	<eqnStyle style="explicit"/>
	<outlyingIntersections val="false"/>
	<keepTypeOnTransform val="true"/>
</element>
<command name="Segment">
	<input a0="C" a1="D"/>
	<output a0="i"/>
</command>
<element type="segment" label="i">
	<show object="true" label="false" ev="4"/>
	<objColor r="0" g="0" b="0" alpha="0"/>
	<layer val="0"/>
	<labelMode val="0"/>
	<coords x="0" y="-4" z="3.2000000000000006"/>
	<lineStyle thickness="5" type="15" typeHidden="1" opacity="204"/>
	<eqnStyle style="explicit"/>
	<outlyingIntersections val="false"/>
	<keepTypeOnTransform val="true"/>
</element>
<command name="Segment">
	<input a0="D" a1="S"/>
	<output a0="j"/>
</command>
<element type="segment" label="j">
	<show object="true" label="false"/>
	<objColor r="0" g="0" b="0" alpha="0"/>
	<layer val="0"/>
	<labelMode val="0"/>
	<coords x="-3.2" y="1" z="5.6"/>
	<lineStyle thickness="5" type="15" typeHidden="1" opacity="204"/>
	<eqnStyle style="explicit"/>
	<outlyingIntersections val="false"/>
	<keepTypeOnTransform val="true"/>
</element>
<command name="Segment">
	<input a0="S" a1="A"/>
	<output a0="k"/>
</command>
<element type="segment" label="k">
	<show object="true" label="false"/>
	<objColor r="0" g="0" b="0" alpha="0"/>
	<layer val="0"/>
	<labelMode val="0"/>
	<coords x="5" y="-3" z="-3"/>
	<lineStyle thickness="5" type="0" typeHidden="1"/>
	<eqnStyle style="explicit"/>
	<outlyingIntersections val="false"/>
	<keepTypeOnTransform val="true"/>
</element>
<command name="Segment">
	<input a0="B" a1="S"/>
	<output a0="l"/>
</command>
<element type="segment" label="l">
	<show object="true" label="false"/>
	<objColor r="0" g="0" b="0" alpha="0"/>
	<layer val="0"/>
	<labelMode val="0"/>
	<coords x="-5" y="-1" z="19"/>
	<lineStyle thickness="5" type="0" typeHidden="1"/>
	<eqnStyle style="explicit"/>
	<outlyingIntersections val="false"/>
	<keepTypeOnTransform val="true"/>
</element>
<command name="Segment">
	<input a0="S" a1="C"/>
	<output a0="m"/>
</command>
<element type="segment" label="m">
	<show object="true" label="false"/>
	<objColor r="0" g="0" b="0" alpha="0"/>
	<layer val="0"/>
	<labelMode val="0"/>
	<coords x="3.2" y="3" z="-21.6"/>
	<lineStyle thickness="5" type="0" typeHidden="1"/>
	<eqnStyle style="explicit"/>
	<outlyingIntersections val="false"/>
	<keepTypeOnTransform val="true"/>
</element>
<command name="Midpoint">
	<input a0="D" a1="B"/>
	<output a0="MM"/>
</command>
<element type="point" label="MM">
	<show object="false" label="true" ev="4"/>
	<objColor r="0" g="0" b="0" alpha="0"/>
	<layer val="0"/>
	<labelMode val="0"/>
	<coords x="3" y="-0.09999999999999998" z="1"/>
	<pointSize val="4"/>
	<pointStyle val="10"/>
</element>
<command name="Segment">
	<input a0="MM" a1="S"/>
	<output a0="n"/>
</command>
<element type="segment" label="n">
	<show object="false" label="false" ev="4"/>
	<objColor r="0" g="0" b="0" alpha="0"/>
	<layer val="0"/>
	<labelMode val="0"/>
	<coords x="-4.1" y="0" z="12.3"/>
	<lineStyle thickness="5" type="0" typeHidden="1"/>
	<eqnStyle style="explicit"/>
	<outlyingIntersections val="false"/>
	<keepTypeOnTransform val="true"/>
</element>
<expression label="accent2" exp="(-2, -6)" type="point"/>
<element type="point" label="accent2">
	<show object="true" label="true" ev="4"/>
	<objColor r="0" g="153" b="204" alpha="0"/>
	<layer val="0"/>
	<labelOffset x="-6" y="-15"/>
	<labelMode val="0"/>
	<animation step="0.1" speed="1" type="1" playing="false"/>
	<coords x="-2" y="-6" z="1"/>
	<pointSize val="5"/>
	<pointStyle val="0"/>
</element>
<expression label="accent1" exp="(-4, -6)" type="point"/>
<element type="point" label="accent1">
	<show object="true" label="true" ev="4"/>
	<objColor r="255" g="102" b="0" alpha="0"/>
	<layer val="0"/>
	<labelOffset x="-15" y="-16"/>
	<labelMode val="0"/>
	<animation step="0.1" speed="1" type="1" playing="false"/>
	<coords x="-4" y="-6" z="1"/>
	<pointSize val="5"/>
	<pointStyle val="0"/>
</element>
<command name="Segment">
	<input a0="accent2" a1="accent1"/>
	<output a0="s_{1}"/>
</command>
<element type="segment" label="s_{1}">
	<show object="true" label="false" ev="4"/>
	<objColor r="255" g="102" b="0" alpha="0"/>
	<layer val="0"/>
	<labelMode val="0"/>
	<coords x="0" y="-2" z="-12"/>
	<lineStyle thickness="5" type="0" typeHidden="1"/>
	<eqnStyle style="explicit"/>
	<outlyingIntersections val="false"/>
	<keepTypeOnTransform val="true"/>
</element>
<expression label="black" exp="(0, -6)" type="point"/>
<element type="point" label="black">
	<show object="true" label="true"/>
	<objColor r="0" g="0" b="0" alpha="0"/>
	<layer val="0"/>
	<labelOffset x="1" y="-16"/>
	<labelMode val="0"/>
	<animation step="0.1" speed="1" type="1" playing="false"/>
	<coords x="0" y="-6" z="1"/>
	<pointSize val="5"/>
	<pointStyle val="10"/>
</element>
<command name="Segment">
	<input a0="accent2" a1="black"/>
	<output a0="t_{1}"/>
</command>
<element type="segment" label="t_{1}">
	<show object="true" label="false"/>
	<objColor r="0" g="153" b="204" alpha="0"/>
	<layer val="0"/>
	<labelMode val="0"/>
	<coords x="0" y="2" z="12"/>
	<lineStyle thickness="5" type="0" typeHidden="1"/>
	<eqnStyle style="explicit"/>
	<outlyingIntersections val="false"/>
	<keepTypeOnTransform val="true"/>
</element>
</construction>
</geogebra>